,date_index,total,male,female,others,covishield,covaxin,today,tot_dose_1,tot_dose_2,total_doses,vac_18_25,vac_25_40,vac_40_60,above_60,aefi,today_dose_one,today_dose_two,today_male,today_female,today_others,today_aefi,sputnik,yesterday_vac,yesterday_dose_one,yesterday_dose_two,dates_vaccine
0,0,17189856,9403079,7784920,1855,15668064,1520635,1678850,0.0,0.0,0.0,0.0,0.0,0.0,0.0,0.0,0.0,0.0,0.0,0.0,0.0,0.0,0.0,0.0,0.0,0.0,2021-03-08
1,1,18360243,10044921,8313353,1967,16739804,1619279,1162374,14003206.0,4357037.0,22717280.0,0.0,0.0,0.0,0.0,0.0,0.0,0.0,0.0,0.0,0.0,0.0,0.0,0.0,0.0,0.0,2021-03-09
2,2,19538547,10707385,8829091,2069,17809439,1727948,1175187,14872785.0,4665762.0,24204309.0,0.0,0.0,0.0,0.0,0.0,0.0,0.0,0.0,0.0,0.0,0.0,0.0,0.0,0.0,0.0,2021-03-10
3,3,19953987,10937930,9013952,2103,18197567,1755220,408379,15204375.0,4749612.0,24703599.0,0.0,0.0,0.0,0.0,0.0,0.0,0.0,0.0,0.0,0.0,0.0,0.0,0.0,0.0,0.0,2021-03-11
4,4,21772159,11974143,9795767,2247,19860313,1910640,1817351,16612019.0,5160140.0,26932299.0,0.0,0.0,0.0,0.0,0.0,0.0,0.0,0.0,0.0,0.0,0.0,0.0,0.0,0.0,0.0,2021-03-12
5,5,23159604,12747867,10409393,2342,21148292,2010101,1381753,17698742.0,5460862.0,28620466.0,0.0,0.0,0.0,0.0,0.0,0.0,0.0,0.0,0.0,0.0,0.0,0.0,0.0,0.0,0.0,2021-03-13
6,6,23317750,12832126,10483269,2353,21298664,2017875,153934,17837716.0,5480034.0,28797784.0,0.0,0.0,0.0,0.0,0.0,0.0,0.0,0.0,0.0,0.0,0.0,0.0,0.0,0.0,0.0,2021-03-14
7,7,25618250,14090723,11524956,2569,23433592,2183445,2300150,19766466.0,5851784.0,31470034.0,0.0,0.0,0.0,0.0,0.0,0.0,0.0,0.0,0.0,0.0,0.0,0.0,0.0,0.0,0.0,2021-03-15
8,8,25709257,13993527,11713149,2581,29313725,2557019,1798467,25709257.0,6161488.0,31870745.0,1342665.0,6479989.0,8321177.0,9549294.0,14381.0,0.0,0.0,0.0,0.0,0.0,0.0,0.0,0.0,0.0,0.0,2021-03-16
9,9,30011328,16266085,13742026,3217,33620784,2875235,2030951,30011328.0,6484692.0,36496020.0,1369680.0,6580300.0,9106642.0,12938115.0,14662.0,0.0,0.0,0.0,0.0,0.0,0.0,0.0,0.0,0.0,0.0,2021-03-17
10,10,31952935,17311577,14637915,3443,35658703,3111700,2178001,31952935.0,6817469.0,38770404.0,1396294.0,6689910.0,9587964.0,14261942.0,14777.0,0.0,0.0,0.0,0.0,0.0,0.0,0.0,0.0,0.0,0.0,2021-03-18
11,11,34228371,18492473,15732206,3692,37977040,3332178,2349836,34228371.0,7080848.0,41309219.0,1425374.0,6793914.0,10165734.0,15826268.0,14896.0,0.0,0.0,0.0,0.0,0.0,0.0,0.0,0.0,0.0,0.0,2021-03-19
12,12,36568988,19688923,16876137,3928,40260683,3617184,2227481,36568988.0,7308880.0,43877868.0,1458151.0,6900440.0,10766621.0,17426476.0,15074.0,0.0,0.0,0.0,0.0,0.0,0.0,0.0,0.0,0.0,0.0,2021-03-20
13,13,37303458,20053560,17245870,4028,40934052,3711319,525764,37303458.0,7341914.0,44645372.0,1464725.0,6927638.0,10969933.0,17923778.0,15121.0,0.0,0.0,0.0,0.0,0.0,0.0,0.0,0.0,0.0,0.0,2021-03-21
14,14,39612614,21244939,18363361,4314,43178899,4025733,2491839,39612614.0,7592019.0,47204633.0,0.0,0.0,0.0,0.0,15234.0,0.0,0.0,0.0,0.0,0.0,0.0,0.0,0.0,0.0,0.0,2021-03-22
15,15,42148875,22532413,19611896,4566,45554897,4418254,2154655,42148875.0,7824277.0,49973152.0,0.0,0.0,0.0,0.0,15414.0,0.0,0.0,0.0,0.0,0.0,0.0,0.0,0.0,0.0,0.0,2021-03-23
16,16,44250191,23602891,20642500,4800,47460323,4755913,2181788,44250191.0,7966046.0,52216237.0,0.0,0.0,0.0,0.0,15533.0,0.0,0.0,0.0,0.0,0.0,0.0,0.0,0.0,0.0,0.0,2021-03-24
17,17,46454700,24744845,21704739,5116,49523912,5065307,2286219,46454700.0,8134520.0,54589220.0,0.0,0.0,0.0,0.0,15692.0,0.0,0.0,0.0,0.0,0.0,0.0,0.0,0.0,0.0,0.0,2021-03-25
18,18,48749313,25911744,22832194,5375,51657738,5363425,2379309,48749313.0,8271851.0,57021164.0,0.0,0.0,0.0,0.0,15827.0,0.0,0.0,0.0,0.0,0.0,0.0,0.0,0.0,0.0,0.0,2021-03-26
19,19,50865316,26976551,23883153,5612,53653625,5581810,2074948,50865316.0,8370120.0,59235436.0,0.0,0.0,0.0,0.0,15942.0,0.0,0.0,0.0,0.0,0.0,0.0,0.0,0.0,0.0,0.0,2021-03-27
20,20,51179587,27137004,24036939,5644,53956699,5600420,240633,51179587.0,8377533.0,59557120.0,0.0,0.0,0.0,0.0,15968.0,0.0,0.0,0.0,0.0,0.0,0.0,0.0,0.0,0.0,0.0,2021-03-28
21,21,51774289,27427546,24341025,5718,54509817,5673246,600872,51774289.0,8408775.0,60183064.0,0.0,0.0,0.0,0.0,16014.0,0.0,0.0,0.0,0.0,0.0,0.0,0.0,0.0,0.0,0.0,2021-03-29
22,22,53429356,28257441,25165987,5928,56170007,5820234,1751465,53429356.0,8560886.0,61990242.0,0.0,0.0,0.0,0.0,16112.0,0.0,0.0,0.0,0.0,0.0,0.0,0.0,0.0,0.0,0.0,2021-03-30
23,23,55188803,29151242,26031409,6152,57956398,5979191,1814790,55188803.0,8746787.0,63935590.0,0.0,0.0,0.0,0.0,16261.0,0.0,0.0,0.0,0.0,0.0,0.0,0.0,0.0,0.0,0.0,2021-03-31
24,24,57443466,30321468,27115615,6383,60197476,6164245,2294254,57443466.0,8918256.0,66361722.0,0.0,0.0,0.0,0.0,16355.0,0.0,0.0,0.0,0.0,0.0,0.0,0.0,0.0,0.0,0.0,2021-04-01
25,25,60936753,32126426,28803529,6798,63675188,6415647,2405715,60936753.0,9154083.0,70090836.0,0.0,0.0,0.0,0.0,16677.0,0.0,0.0,0.0,0.0,0.0,0.0,0.0,0.0,0.0,0.0,2021-04-02
26,26,63743700,33577406,30159173,7121,66492525,6619593,2144971,63743700.0,9368419.0,73112119.0,0.0,0.0,0.0,0.0,16891.0,0.0,0.0,0.0,0.0,0.0,0.0,0.0,0.0,0.0,0.0,2021-04-03
27,27,66838504,35165269,31665721,7514,69524997,6880699,1288914,66838504.0,9567193.0,76405697.0,0.0,0.0,0.0,0.0,17036.0,0.0,0.0,0.0,0.0,0.0,0.0,0.0,0.0,0.0,0.0,2021-04-04
28,28,69620234,36559511,33052869,7854,72277231,7162657,2539778,69620234.0,9819655.0,79439889.0,0.0,0.0,0.0,0.0,17130.0,0.0,0.0,0.0,0.0,0.0,0.0,0.0,0.0,0.0,0.0,2021-04-05
29,29,72035640,37772299,34255180,8161,74645902,7419434,726792,72035640.0,10029697.0,82065337.0,0.0,0.0,0.0,0.0,17216.0,0.0,0.0,0.0,0.0,0.0,0.0,0.0,0.0,0.0,0.0,2021-04-06
30,30,76671812,40110598,36552499,8715,79268093,7832533,2249161,76671812.0,10428815.0,87100627.0,0.0,0.0,0.0,0.0,17424.0,0.0,0.0,0.0,0.0,0.0,0.0,0.0,0.0,0.0,0.0,2021-04-07
31,31,80998099,42273620,38715200,9279,83713942,8167587,3586595,80998099.0,10883431.0,91881530.0,0.0,0.0,0.0,0.0,17628.0,0.0,0.0,0.0,0.0,0.0,0.0,0.0,0.0,0.0,0.0,2021-04-08
32,32,84296847,43929844,40357259,9744,87157426,8425992,3345741,84296847.0,11286572.0,95583419.0,0.0,0.0,0.0,0.0,17815.0,0.0,0.0,0.0,0.0,0.0,0.0,0.0,0.0,0.0,0.0,2021-04-09
33,33,87411872,45508111,41893575,10186,90391202,8678151,3216276,87411872.0,11657482.0,99069354.0,0.0,0.0,0.0,0.0,17965.0,0.0,0.0,0.0,0.0,0.0,0.0,0.0,0.0,0.0,0.0,2021-04-10
34,34,90111528,46895781,43205152,10595,93134548,8865852,2401294,90111528.0,11888873.0,102000401.0,0.0,0.0,0.0,0.0,18061.0,0.0,0.0,0.0,0.0,0.0,0.0,0.0,0.0,0.0,0.0,2021-04-11
35,35,93559587,48669828,44878560,11199,96852980,9117558,3721638,93559587.0,12410952.0,105970539.0,0.0,0.0,0.0,0.0,18211.0,0.0,0.0,0.0,0.0,0.0,0.0,0.0,0.0,0.0,0.0,2021-04-12
36,36,95823614,49885738,45926378,11498,99319107,9279181,2510796,95823614.0,12774675.0,108598289.0,0.0,0.0,0.0,0.0,18349.0,0.0,0.0,0.0,0.0,0.0,0.0,0.0,0.0,0.0,0.0,2021-04-13
37,37,98703696,51361929,47329847,11920,102280984,9632303,3041836,98703696.0,13209592.0,111913288.0,0.0,0.0,0.0,0.0,18419.0,0.0,0.0,0.0,0.0,0.0,0.0,0.0,0.0,0.0,0.0,2021-04-14
38,38,100853671,52488916,48352489,12266,104747822,9850203,2414642,100853671.0,13744355.0,114598026.0,0.0,0.0,0.0,0.0,18511.0,0.0,0.0,0.0,0.0,0.0,0.0,0.0,0.0,0.0,0.0,2021-04-15
39,39,102927296,53575244,49339504,12548,107126700,10178643,2421468,102927296.0,14378048.0,117305344.0,0.0,0.0,0.0,0.0,18664.0,0.0,0.0,0.0,0.0,0.0,0.0,0.0,0.0,0.0,0.0,2021-04-16
40,40,104950409,54647827,50289664,12918,109415944,10555424,2383490,104950409.0,15020960.0,119971369.0,0.0,0.0,0.0,0.0,18764.0,0.0,0.0,0.0,0.0,0.0,0.0,0.0,0.0,0.0,0.0,2021-04-17
41,41,105896430,55151208,50732172,13050,110495487,10711610,1036762,105896430.0,15310668.0,121207098.0,0.0,0.0,0.0,0.0,18788.0,0.0,0.0,0.0,0.0,0.0,0.0,0.0,0.0,0.0,0.0,2021-04-18
42,42,108178574,56358692,51806475,13407,113350410,11106751,2935133,108178574.0,16278588.0,124457162.0,0.0,0.0,0.0,0.0,18896.0,0.0,0.0,0.0,0.0,0.0,0.0,0.0,0.0,0.0,0.0,2021-04-19
43,43,110165234,57420010,52731510,13714,115913179,11515707,2596664,110165234.0,17263653.0,127428887.0,0.0,0.0,0.0,0.0,18976.0,0.0,0.0,0.0,0.0,0.0,0.0,0.0,0.0,0.0,0.0,2021-04-20
44,44,111673361,58217380,53441979,14002,117846188,11799916,1957676,111673361.0,17972744.0,129646105.0,0.0,0.0,0.0,0.0,19057.0,0.0,0.0,0.0,0.0,0.0,0.0,0.0,0.0,0.0,0.0,2021-04-21
45,45,113584269,59214377,54355513,14379,120577839,12176768,2791667,113584269.0,19170339.0,132754608.0,0.0,0.0,0.0,0.0,19130.0,0.0,0.0,0.0,0.0,0.0,0.0,0.0,0.0,0.0,0.0,2021-04-22
46,46,115461202,60208977,55237448,14777,123151196,12507127,2573207,115461202.0,20197122.0,135658324.0,0.0,0.0,0.0,0.0,19246.0,0.0,0.0,0.0,0.0,0.0,0.0,0.0,0.0,0.0,0.0,2021-04-23
47,47,117105343,61078797,56011474,15072,125410802,12775153,2291227,117105343.0,21080613.0,138185956.0,0.0,0.0,0.0,0.0,19338.0,0.0,0.0,0.0,0.0,0.0,0.0,0.0,0.0,0.0,0.0,2021-04-24
48,48,117795008,61442119,56337692,15197,126318327,12866845,856974,117795008.0,21390165.0,139185173.0,0.0,0.0,0.0,0.0,19364.0,0.0,0.0,0.0,0.0,0.0,0.0,0.0,0.0,0.0,0.0,2021-04-25
49,49,119886252,62534884,57335805,15563,129397924,13127022,3068692,119886252.0,22638695.0,142524947.0,0.0,0.0,0.0,0.0,19459.0,0.0,0.0,0.0,0.0,0.0,0.0,0.0,0.0,0.0,0.0,2021-04-26
50,50,121263287,63266613,57980903,15771,131516688,13362545,2236976,121263287.0,23615946.0,144879233.0,0.0,0.0,0.0,0.0,19521.0,1309874.0,927102.0,1203724.0,1032938.0,314.0,115.0,0.0,0.0,0.0,0.0,2021-04-27
51,51,122538179,63938524,58583701,15954,133417155,13636237,1917020,122538179.0,24515213.0,147053392.0,0.0,0.0,0.0,0.0,19657.0,1059965.0,857055.0,1028945.0,887828.0,247.0,68.0,0.0,0.0,0.0,0.0,2021-04-28
52,52,123811908,64611787,59183960,16161,135342722,13926050,1931790,123811908.0,25456864.0,149268772.0,0.0,0.0,0.0,0.0,19753.0,1040171.0,891619.0,1037250.0,894284.0,256.0,81.0,0.0,0.0,0.0,0.0,2021-04-29
53,53,125376952,65445771,59914751,16430,137819464,14178643,2401882,125376952.0,26621155.0,151998107.0,0.0,0.0,0.0,0.0,19828.0,1289850.0,1112032.0,1292885.0,1108658.0,339.0,108.0,0.0,0.0,0.0,0.0,2021-04-30
54,54,126328970,65972485,60339903,16582,139256407,14369918,1361612,126328970.0,27297355.0,153626325.0,0.0,0.0,0.0,0.0,19850.0,740534.0,621078.0,756318.0,605129.0,165.0,46.0,0.0,0.0,0.0,0.0,2021-05-01
55,55,126704151,66183753,60503747,16651,139794494,14417017,477134,126704151.0,27507360.0,154211511.0,0.0,0.0,0.0,0.0,19868.0,294749.0,182385.0,268331.0,208735.0,68.0,13.0,0.0,0.0,0.0,0.0,2021-05-02
56,56,127696675,66737774,60942039,16862,141427876,14654260,1691250,127696675.0,28385461.0,156082136.0,0.0,0.0,0.0,0.0,19921.0,832386.0,858864.0,942246.0,748730.0,274.0,84.0,0.0,0.0,0.0,0.0,2021-05-03
57,57,128627919,67265833,61344881,17205,142858095,14892657,1468016,128627919.0,29122833.0,157750752.0,0.0,0.0,0.0,0.0,19982.0,775627.0,692389.0,823894.0,643905.0,216.0,63.0,0.0,0.0,0.0,0.0,2021-05-04
58,58,129730641,67881167,61832097,17377,144803890,15127348,1940274,129730641.0,30200597.0,159931238.0,0.0,0.0,0.0,0.0,20041.0,898252.0,1042022.0,1075640.0,864374.0,260.0,79.0,0.0,0.0,0.0,0.0,2021-05-05
59,59,131058890,68616643,62424602,17645,147178689,15424914,2350858,131058890.0,31544713.0,162603603.0,0.0,0.0,0.0,0.0,20079.0,1052997.0,1297861.0,1293965.0,1056557.0,335.0,79.0,0.0,0.0,0.0,0.0,2021-05-06
60,60,132294827,69304346,62972623,17858,149428089,15761911,2276827,132294827.0,32895173.0,165190000.0,0.0,0.0,0.0,0.0,20136.0,980765.0,1296062.0,1250185.0,1026304.0,337.0,99.0,0.0,0.0,0.0,0.0,2021-05-07
61,61,133366482,69899266,63449164,18052,151298735,16195122,2007902,133366482.0,34127375.0,167493857.0,0.0,0.0,0.0,0.0,20212.0,832900.0,1175002.0,1098505.0,909117.0,280.0,100.0,0.0,0.0,0.0,0.0,2021-05-08
62,62,133854676,70186220,63650307,18149,151983853,16321015,686913,133854676.0,34450192.0,168304868.0,0.0,0.0,0.0,0.0,20234.0,404284.0,282629.0,393581.0,293225.0,107.0,11.0,0.0,0.0,0.0,0.0,2021-05-09
63,63,135192013,70948079,64225501,18433,154371836,16727082,2487415,135192013.0,35906905.0,171098918.0,0.0,0.0,0.0,0.0,20288.0,1071100.0,1416315.0,1385469.0,1101550.0,395.0,110.0,0.0,0.0,0.0,0.0,2021-05-10
64,64,136557345,71722365,64816275,18705,156780790,17081853,2427446,136557345.0,37305298.0,173862643.0,0.0,0.0,0.0,0.0,20315.0,1086249.0,1341197.0,1348965.0,1078136.0,345.0,64.0,0.0,0.0,0.0,0.0,2021-05-11
65,65,137805245,72431855,65354414,18976,158585766,17459811,1881233,137805245.0,38240332.0,176045577.0,0.0,0.0,0.0,0.0,20352.0,994482.0,886751.0,1050649.0,830263.0,321.0,97.0,0.0,0.0,0.0,0.0,2021-05-12
66,66,139087590,73161834,65906538,19218,160521617,17840229,2015945,139087590.0,39274256.0,178361846.0,0.0,0.0,0.0,0.0,20415.0,1031388.0,984557.0,1123963.0,891667.0,312.0,109.0,0.0,0.0,0.0,0.0,2021-05-13
67,67,139861462,73607113,66234957,19392,161558739,18087664,1105614,139861462.0,39784951.0,179646413.0,0.0,0.0,0.0,0.0,20432.0,632844.0,472770.0,622937.0,482473.0,204.0,53.0,0.0,0.0,0.0,0.0,2021-05-14
68,68,141132112,74324379,66787921,19812,163009216,18535310,1739312,141132112.0,40412424.0,181544536.0,0.0,0.0,0.0,0.0,20459.0,1136003.0,603309.0,967892.0,771060.0,360.0,48.0,0.0,0.0,0.0,0.0,2021-05-15
69,69,141764335,74693401,67050966,19968,163555521,18695475,682304,141764335.0,40486671.0,182251006.0,0.0,0.0,0.0,0.0,20473.0,611258.0,71046.0,395367.0,286777.0,160.0,3.0,0.0,0.0,0.0,0.0,2021-05-16
70,70,143090218,75461311,67608590,20317,164739599,19077536,1502665,143090218.0,40726986.0,183817204.0,0.0,0.0,0.0,0.0,20512.0,1265721.0,236944.0,862367.0,639934.0,364.0,33.0,0.0,0.0,0.0,0.0,2021-05-17
71,71,144270200,76142110,68107465,20625,165784285,19407170,1305837,144270200.0,40921402.0,185191602.0,0.0,0.0,0.0,0.0,20586.0,1119256.0,186581.0,747532.0,557988.0,317.0,32.0,0.0,0.0,0.0,0.0,2021-05-18
72,72,145333606,76761977,68550747,20882,166740487,19669911,1158079,145333606.0,41076994.0,186410600.0,0.0,0.0,0.0,0.0,20659.0,1006873.0,151206.0,670426.0,487387.0,265.0,32.0,0.0,0.0,0.0,0.0,2021-05-19
73,73,146624652,77512357,69091006,21289,167900451,19986188,1418069,146624652.0,41262233.0,187886885.0,0.0,0.0,0.0,0.0,20755.0,1237340.0,180729.0,818362.0,599345.0,348.0,37.0,0.0,0.0,0.0,0.0,2021-05-20
74,74,147893976,78248902,69623495,21579,169042095,20301735,1387168,147893976.0,41450129.0,189344105.0,0.0,0.0,0.0,0.0,20821.0,1205635.0,181533.0,798650.0,588217.0,300.0,46.0,275.0,0.0,0.0,0.0,2021-05-21
75,75,149302864,79056922,70224054,21888,170345955,20590582,1523798,149302864.0,41633995.0,190936859.0,0.0,0.0,0.0,0.0,20858.0,1346996.0,176802.0,868995.0,654485.0,318.0,38.0,322.0,0.0,0.0,0.0,2021-05-22
76,76,150180408,79574984,70583303,22121,171196318,20680782,893707,150180408.0,41697052.0,191877460.0,0.0,0.0,0.0,0.0,20870.0,837347.0,56360.0,525862.0,367614.0,231.0,10.0,360.0,0.0,0.0,0.0,2021-05-23
77,77,152439044,80889623,71526736,22685,173380665,20932868,2375435,152439044.0,41874876.0,194313920.0,0.0,0.0,0.0,0.0,20918.0,2201060.0,174375.0,1376880.0,997984.0,571.0,39.0,387.0,0.0,0.0,0.0,2021-05-24
78,78,154384464,82032580,72328742,23142,175240154,21222896,2057581,154384464.0,42079031.0,196463495.0,0.0,0.0,0.0,0.0,20981.0,1859099.0,198482.0,1204198.0,852908.0,474.0,23.0,445.0,0.0,0.0,0.0,2021-05-25
79,79,156189641,83084097,73082037,23507,176983511,21440904,1861804,156189641.0,42235974.0,198425615.0,0.0,0.0,0.0,0.0,21016.0,1710854.0,150950.0,1077797.0,783636.0,370.0,16.0,1200.0,0.0,0.0,0.0,2021-05-26
80,80,159006359,84683042,74299145,24172,179703057,21732409,2891222,159006359.0,42431761.0,201438120.0,0.0,0.0,0.0,0.0,21057.0,2701614.0,189608.0,1633217.0,1257330.0,675.0,29.0,2654.0,0.0,0.0,0.0,2021-05-27
81,81,161951713,86374510,75552353,24850,182470401,22143306,3033896,161951713.0,42665859.0,204617572.0,0.0,0.0,0.0,0.0,21092.0,2808369.0,225527.0,1734160.0,1299045.0,691.0,34.0,3865.0,0.0,0.0,0.0,2021-05-28
82,82,164804095,88027641,76750999,25455,185041368,22748715,3022328,164804095.0,42992369.0,207796464.0,0.0,0.0,0.0,0.0,21143.0,2704915.0,317413.0,1736345.0,1285344.0,638.0,25.0,6381.0,0.0,0.0,0.0,2021-05-29
83,83,165823004,88619604,77177776,25624,185950671,22948962,1010770,165823004.0,43084719.0,208907723.0,0.0,0.0,0.0,0.0,21166.0,926500.0,84270.0,582991.0,427614.0,164.0,10.0,8090.0,0.0,0.0,0.0,2021-05-30
84,84,168393525,90095606,78271582,26337,188324712,23442881,2759353,168393525.0,43384966.0,211778491.0,0.0,0.0,0.0,0.0,21260.0,2464625.0,294728.0,1575071.0,1183551.0,731.0,23.0,10898.0,0.0,0.0,0.0,2021-05-31
85,85,170640412,91381749,79231870,26793,190396381,23905095,2388288,170640412.0,43674110.0,214314522.0,0.0,0.0,0.0,0.0,21302.0,2109376.0,278912.0,1358454.0,1029350.0,484.0,29.0,13046.0,0.0,0.0,0.0,2021-06-01
86,86,172945950,92705952,80212651,27347,192467399,24376613,2411810,172945950.0,43912247.0,216858197.0,0.0,0.0,0.0,0.0,21412.0,2182717.0,229093.0,1378714.0,1032531.0,564.0,26.0,14185.0,0.0,0.0,0.0,2021-06-02
87,87,175677634,94288015,81361633,27986,194803940,25012565,2857020,175677634.0,44153937.0,219831571.0,0.0,0.0,0.0,0.0,21470.0,2623148.0,233872.0,1648161.0,1208209.0,649.0,38.0,15066.0,0.0,0.0,0.0,2021-06-03
88,88,179205337,96289872,82885972,29493,198045267,25581498,3633552,179205337.0,44436944.0,223642281.0,0.0,0.0,0.0,0.0,21518.0,3360437.0,273115.0,2056805.0,1575858.0,883.0,33.0,15516.0,0.0,0.0,0.0,2021-06-04
89,89,182451348,98143570,84277549,30229,200932620,26213604,3340488,182451348.0,44711155.0,227162503.0,0.0,0.0,0.0,0.0,21637.0,3076093.0,264395.0,1901998.0,1437765.0,723.0,40.0,16279.0,0.0,0.0,0.0,2021-06-05
90,90,183824958,98907905,84886553,30500,202156935,26450908,1355741,183824958.0,44799620.0,228624578.0,0.0,0.0,0.0,0.0,21706.0,1276572.0,79169.0,751769.0,603709.0,263.0,14.0,16735.0,0.0,0.0,0.0,2021-06-06
91,91,186933771,100656406,86246094,31271,205014564,27031124,3320320,186933771.0,45129717.0,232063488.0,0.0,0.0,0.0,0.0,21820.0,2996046.0,324274.0,1866016.0,1453496.0,806.0,62.0,17800.0,0.0,0.0,0.0,2021-06-07
92,92,189503126,102100803,87370490,31833,207362449,27571289,2732777,189503126.0,45449492.0,234952618.0,0.0,0.0,0.0,0.0,21899.0,2425114.0,307663.0,1534707.0,1197489.0,579.0,32.0,18880.0,0.0,0.0,0.0,2021-06-08
93,93,192669299,103888483,88748112,32704,210223401,28196184,3348776,192669299.0,45770830.0,238440129.0,0.0,0.0,0.0,0.0,21959.0,3041047.0,307729.0,1888409.0,1459472.0,895.0,30.0,20544.0,0.0,0.0,0.0,2021-06-09
94,94,195747476,105607170,90106724,33582,213010415,28814428,3251018,195747476.0,46099387.0,241846863.0,0.0,0.0,0.0,0.0,21991.0,2933595.0,317423.0,1814399.0,1435732.0,884.0,33.0,22020.0,0.0,0.0,0.0,2021-06-10
95,95,198977594,107385721,91557487,34386,215962153,29426682,3408813,198977594.0,46434361.0,245411955.0,0.0,0.0,0.0,0.0,22027.0,3085946.0,322867.0,1874236.0,1533751.0,821.0,38.0,23120.0,0.0,0.0,0.0,2021-06-11
96,96,202207183,109174763,92997290,35130,219032482,29975845,3420934,202207183.0,46825911.0,249033094.0,0.0,0.0,0.0,0.0,22075.0,3041805.0,379129.0,1894135.0,1526034.0,765.0,33.0,24767.0,0.0,0.0,0.0,2021-06-12
97,97,203705131,109979462,93690273,35396,220445754,30185294,1480133,203705131.0,46951231.0,250656362.0,0.0,0.0,0.0,0.0,22082.0,1365218.0,114915.0,795078.0,684773.0,282.0,9.0,25314.0,0.0,0.0,0.0,2021-06-13
98,98,207274441,111868784,95369557,36100,223847280,30779165,3807473,207274441.0,47378599.0,254653040.0,0.0,0.0,0.0,0.0,22118.0,3386843.0,420630.0,2020465.0,1786178.0,827.0,34.0,26595.0,0.0,0.0,0.0,2021-06-14
99,99,209816439,113266182,96513504,36753,226329536,31248316,2732478,209816439.0,47789089.0,257605528.0,0.0,0.0,0.0,0.0,22127.0,2338417.0,394061.0,1496481.0,1235275.0,719.0,32.0,27676.0,0.0,0.0,0.0,2021-06-15
100,100,212945352,114978703,97929255,37394,229393676,31695663,3333096,212945352.0,48173116.0,261118468.0,0.0,0.0,0.0,0.0,22155.0,2964426.0,368670.0,1823252.0,1509186.0,657.0,29.0,29129.0,0.0,0.0,0.0,2021-06-16
101,101,215944608,116630688,99275854,38066,232253523,32252129,3130594,215944608.0,48592637.0,264537245.0,0.0,0.0,0.0,0.0,22214.0,2727310.0,403284.0,1729260.0,1400643.0,688.0,44.0,31593.0,0.0,0.0,0.0,2021-06-17
102,102,218956863,118293011,100624989,38863,235151645,32765846,3189834,218956863.0,48994708.0,267951571.0,0.0,0.0,0.0,0.0,22257.0,2803464.0,386370.0,1760296.0,1428720.0,816.0,45.0,34080.0,0.0,0.0,0.0,2021-06-18
103,103,222316897,120139375,102137801,39721,238552905,33243363,3643637,222316897.0,49516745.0,271833642.0,0.0,0.0,0.0,0.0,22308.0,3137298.0,506339.0,1995692.0,1647054.0,889.0,49.0,37374.0,0.0,0.0,0.0,2021-06-19
104,104,225211708,121366817,103804672,40219,241530408,33448885,2923470,225211708.0,49806985.0,275018693.0,0.0,0.0,0.0,0.0,22319.0,2645284.0,278186.0,1241499.0,1681465.0,503.0,11.0,39400.0,0.0,0.0,0.0,2021-06-20
105,105,233288807,125704054,107542051,42702,249725103,34123378,8515925,233288807.0,50602957.0,283891764.0,0.0,0.0,0.0,0.0,22345.0,7734048.0,781877.0,4569891.0,3944411.0,1540.0,52.0,43283.0,0.0,0.0,0.0,2021-06-21
106,106,238685516,128567271,110074369,43876,255272448,34641890,5386951,238685516.0,51276230.0,289961746.0,0.0,0.0,0.0,0.0,22406.0,4755674.0,631277.0,2855609.0,2530203.0,1134.0,59.0,47408.0,0.0,0.0,0.0,2021-06-22
107,107,244944880,131919150,112980429,45301,261448717,35392947,6445768,244944880.0,51947641.0,296892521.0,0.0,0.0,0.0,0.0,22436.0,5804768.0,641000.0,3451692.0,2992651.0,1421.0,71.0,50857.0,0.0,0.0,0.0,2021-06-23
108,108,250656880,134941971,115668447,46462,267233899,36139047,6036515,250656880.0,52769970.0,303426850.0,0.0,0.0,0.0,0.0,22588.0,5244251.0,792264.0,3199663.0,2835673.0,1177.0,95.0,53904.0,0.0,0.0,0.0,2021-06-24
109,109,309802519,166996837,142754166,51516,272716628,37027773,6083147,256135000.0,53667519.0,309802519.0,0.0,0.0,0.0,0.0,22709.0,5154879.0,928268.0,3200066.0,2881940.0,1135.0,104.0,58118.0,0.0,0.0,0.0,2021-06-25
110,110,316535775,170558604,145924320,52851,278562444,37908285,6384602,261705883.0,54829892.0,316535775.0,0.0,0.0,0.0,0.0,22885.0,5276215.0,1108387.0,3382179.0,3001178.0,1241.0,93.0,65046.0,0.0,0.0,0.0,2021-06-26
111,111,318473492,171570354,146849924,53214,280151800,38254587,1705765,263289938.0,55183554.0,318473492.0,0.0,0.0,0.0,0.0,22996.0,1379065.0,326700.0,893514.0,811988.0,263.0,25.0,67105.0,0.0,0.0,0.0,2021-06-27
112,112,323836329,174328759,149453113,54457,284716017,39047840,5245365,267485789.0,56350540.0,323836329.0,0.0,0.0,0.0,0.0,23099.0,4097696.0,1147669.0,2697374.0,2546775.0,1213.0,143.0,72472.0,1715921.0,0.0,0.0,2021-06-28
113,113,327685422,176271011,151359083,55328,287949744,39657631,3635927,270392224.0,57293198.0,327685422.0,0.0,0.0,0.0,0.0,23129.0,2730289.0,905638.0,1831967.0,1803129.0,829.0,84.0,78047.0,5268819.0,0.0,0.0,2021-06-29
114,114,330553623,177750688,152746870,56065,290158311,40307832,2742615,272487181.0,58066442.0,330553623.0,0.0,0.0,0.0,0.0,23217.0,1991513.0,751102.0,1415545.0,1326354.0,715.0,84.0,87480.0,3646472.0,0.0,0.0,2021-06-30
115,115,334913220,180022023,154834173,57024,293891479,40927453,4238310,275842378.0,59070842.0,334913220.0,0.0,0.0,0.0,0.0,23290.0,3258043.0,980267.0,2209783.0,2027571.0,945.0,76.0,94288.0,2754315.0,0.0,0.0,2021-07-01
116,116,339447068,182375868,157013277,57923,297814896,41530884,4360192,279132514.0,60314554.0,339447068.0,0.0,0.0,0.0,0.0,23467.0,3144991.0,1215201.0,2263394.0,2095924.0,868.0,99.0,101288.0,4260175.0,0.0,0.0,2021-07-02
117,117,346054022,185856473,160138342,59207,303438000,42506166,6339365,283527017.0,62527005.0,346054022.0,0.0,0.0,0.0,0.0,23695.0,4169884.0,2169481.0,3344702.0,2993402.0,1248.0,187.0,109856.0,4386620.0,0.0,0.0,2021-07-03
118,118,347766247,186748495,160958198,59554,304924760,42729197,1469344,284750483.0,63015764.0,347766247.0,0.0,0.0,0.0,0.0,23780.0,1025949.0,443395.0,770400.0,698678.0,264.0,37.0,112290.0,6375116.0,0.0,0.0,2021-07-04
119,119,352412289,189175605,163176110,60574,308849054,43442864,4540735,287588808.0,64823481.0,352412289.0,0.0,0.0,0.0,0.0,23798.0,2755856.0,1784879.0,2373272.0,2166465.0,994.0,115.0,120371.0,1477828.0,1033096.0,444732.0,2021-07-05
120,120,356192949,191160373,164971125,61451,312045416,44018800,3572150,290132865.0,66060084.0,356192949.0,0.0,0.0,0.0,0.0,23960.0,2382639.0,1189511.0,1877760.0,1693545.0,842.0,92.0,128733.0,4568423.0,2778615.0,1789808.0,2021-07-06
121,121,359728245,193027060,166638938,62247,315072183,44518708,3361018,292326546.0,67401699.0,359728245.0,0.0,0.0,0.0,0.0,24041.0,2055972.0,1305046.0,1777273.0,1582973.0,769.0,112.0,137354.0,3721282.0,2500436.0,1220846.0,2021-07-07
122,122,363866177,195194201,168608604,63372,318636397,45082427,3987859,295113298.0,68752879.0,363866177.0,0.0,0.0,0.0,0.0,24103.0,2673630.0,1314229.0,2087990.0,1898754.0,1106.0,118.0,147353.0,3414305.0,2097600.0,1316705.0,2021-07-08
123,123,367079052,196883902,170130738,64412,321441373,45476306,3032448,297184419.0,69894633.0,367079052.0,0.0,0.0,0.0,0.0,24167.0,1931862.0,1100586.0,1598165.0,1433283.0,998.0,77.0,161373.0,4170119.0,2814552.0,1355567.0,2021-07-09
124,124,370921397,198911398,171944765,65234,324725183,46016442,3707135,299620148.0,71301249.0,370921397.0,0.0,0.0,0.0,0.0,24280.0,2332517.0,1374618.0,1958128.0,1748240.0,762.0,67.0,179772.0,3047069.0,1943938.0,1103131.0,2021-07-10
125,125,372249777,199593430,172590906,65441,325834486,46227004,1228911,300474970.0,71774807.0,372249777.0,0.0,0.0,0.0,0.0,24280.0,781609.0,447302.0,631555.0,597166.0,190.0,13.0,188287.0,3810130.0,2408524.0,1401606.0,2021-07-11
126,126,376350562,201700141,174584012,66409,329322624,46822284,4037752,303057816.0,73292746.0,376350562.0,0.0,0.0,0.0,0.0,24290.0,2536453.0,1501299.0,2074891.0,1961901.0,956.0,103.0,205654.0,1234701.0,786269.0,448432.0,2021-07-12
127,127,380212639,203712414,176432842,67383,332757295,47230844,3693414,305477371.0,74735268.0,380212639.0,0.0,0.0,0.0,0.0,24407.0,2294461.0,1398953.0,1927058.0,1765442.0,913.0,92.0,224500.0,4057929.0,2552505.0,1505424.0,2021-07-13
128,128,386288141,206783170,179436493,68478,338166245,47878858,3475687,310042014.0,76246127.0,386288141.0,0.0,0.0,0.0,0.0,24407.0,2019966.0,1455721.0,1792721.0,1682221.0,744.0,113.0,243038.0,3708248.0,2306386.0,1401862.0,2021-07-14
129,129,390286930,208881920,181335624,69386,341703521,48322223,3850817,312624872.0,77662058.0,390286930.0,0.0,0.0,0.0,0.0,24497.0,2481331.0,1369486.0,2024411.0,1825518.0,883.0,83.0,261186.0,3489451.0,2030085.0,1459366.0,2021-07-15
130,130,394641704,211136743,183434678,70283,345528530,48832941,4188268,315177274.0,79464430.0,394641704.0,0.0,0.0,0.0,0.0,24626.0,2427716.0,1760552.0,2170864.0,2016538.0,862.0,139.0,280233.0,3868675.0,2495391.0,1373284.0,2021-07-16
131,131,399873648,213861867,185940424,71357,350286122,49284948,5070109,318403675.0,81469973.0,399873648.0,0.0,0.0,0.0,0.0,24729.0,3108801.0,1961308.0,2645468.0,2423588.0,1048.0,108.0,302578.0,4205433.0,2441101.0,1764332.0,2021-07-17
132,132,401441969,214657889,186712441,71639,351756263,49377691,1353653,319469878.0,81972091.0,401441969.0,0.0,0.0,0.0,0.0,24823.0,905925.0,447728.0,691844.0,661575.0,233.0,22.0,308015.0,5092678.0,3126252.0,1966426.0,2021-07-18
133,133,406790133,217407550,189309762,72821,356765200,49702746,5231140,322905680.0,83884453.0,406790133.0,0.0,0.0,0.0,0.0,24895.0,3348285.0,1882855.0,2691966.0,2538011.0,1159.0,106.0,322187.0,1360155.0,911157.0,448998.0,2021-07-19
134,134,410430826,219282113,191075012,73701,360070547,50023562,3406447,325242678.0,85188148.0,410430826.0,0.0,0.0,0.0,0.0,24895.0,2158899.0,1247548.0,1759529.0,1646073.0,841.0,70.0,336717.0,5256917.0,3368630.0,1888287.0,2021-07-20
135,135,412817034,220516550,192226247,74237,362262299,50204520,2265321,326792911.0,86024123.0,412817034.0,0.0,0.0,0.0,0.0,24955.0,1460333.0,804988.0,1175499.0,1089307.0,514.0,32.0,350215.0,3418763.0,2168625.0,1250138.0,2021-07-21
136,136,418366838,223376425,194914788,75625,367417104,50586096,5433614,330465663.0,87901175.0,418366838.0,0.0,0.0,0.0,0.0,25048.0,3588373.0,1845241.0,2801506.0,2630740.0,1364.0,87.0,363638.0,2274020.0,1467175.0,806845.0,2021-07-22
137,137,422845298,225676609,197091984,76705,371447023,51020810,4241002,333352959.0,89492339.0,422845298.0,0.0,0.0,0.0,0.0,25048.0,2703347.0,1537655.0,2181410.0,2058573.0,1014.0,98.0,377465.0,5462312.0,3612465.0,1849847.0,2021-07-23
138,138,428109930,228432995,199598934,78001,376177250,51538610,5082651,336917806.0,91192124.0,428109930.0,0.0,0.0,0.0,0.0,25102.0,3425020.0,1657631.0,2668400.0,2412992.0,1256.0,105.0,394070.0,4259672.0,2718876.0,1540796.0,2021-07-24
139,139,430170531,229530717,200561391,78423,378003458,51767129,1884113,338346937.0,91823594.0,430170531.0,0.0,0.0,0.0,0.0,25179.0,1286265.0,597848.0,1010550.0,873165.0,395.0,31.0,399944.0,5107964.0,3446152.0,1661812.0,2021-07-25
140,140,436861480,232940580,203840892,80008,384030365,52419879,6546248,343039824.0,93821656.0,436861480.0,0.0,0.0,0.0,0.0,25223.0,4578756.0,1967492.0,3337685.0,3206990.0,1566.0,87.0,411236.0,1895545.0,1295667.0,599878.0,2021-07-26
141,141,441128674,235125348,205922411,80915,387811369,52894031,3978406,345867755.0,95260919.0,441128674.0,0.0,0.0,0.0,0.0,25307.0,2600739.0,1377667.0,2039953.0,1937601.0,848.0,88.0,423274.0,6585930.0,4610842.0,1975088.0,2021-07-27
142,142,445696580,237477784,208136635,82161,391853470,53408734,3162,349104325.0,96592255.0,445696580.0,0.0,0.0,0.0,0.0,25432.0,2068.0,1094.0,1602.0,1560.0,0.0,0.0,434376.0,4157681.0,2736411.0,1421270.0,2021-07-28
143,143,450997892,240211089,210703313,83490,396521739,54031515,5145329,352679959.0,98317933.0,450997892.0,0.0,0.0,0.0,0.0,25432.0,3455563.0,1689766.0,2656767.0,2487274.0,1287.0,67.0,444638.0,4373924.0,3089468.0,1284456.0,2021-07-29
144,144,456471250,242983261,213403098,84891,401434035,54580577,5237003,356348903.0,100122347.0,456471250.0,0.0,0.0,0.0,0.0,25507.0,3487684.0,1749319.0,2657193.0,2578447.0,1361.0,99.0,456638.0,5172174.0,3477195.0,1694979.0,2021-07-30
145,145,463113439,246409497,216617587,86541,407198907,55439978,5975084,361264651.0,101848788.0,463113439.0,0.0,0.0,0.0,0.0,25626.0,4317366.0,1657718.0,3063985.0,2909564.0,1528.0,85.0,474554.0,5279381.0,3523680.0,1755701.0,2021-07-31
146,146,467769865,248763622,218919118,87125,411243920,56043444,1690843,365110984.0,102658881.0,467769865.0,0.0,0.0,0.0,0.0,25626.0,993405.0,697438.0,870985.0,819518.0,339.0,19.0,482501.0,6004409.0,4342256.0,1662153.0,2021-08-01
147,147,473977156,251922714,221965874,88568,416629951,56851465,6056732,369654820.0,104322336.0,473977156.0,0.0,0.0,0.0,0.0,25730.0,4429082.0,1627650.0,3079532.0,2975725.0,1466.0,90.0,495740.0,1702484.0,1002799.0,699685.0,2021-08-02
148,148,480643928,255277644,225275770,90514,422539027,57595129,6160792,375040194.0,105603734.0,480643928.0,0.0,0.0,0.0,0.0,25794.0,4945077.0,1215715.0,3102258.0,3056656.0,1874.0,78.0,509772.0,6094838.0,4461800.0,1633038.0,2021-08-03
149,149,484911273,257443333,227376100,91840,425936633,58451360,3722868,378269912.0,106641361.0,484911273.0,0.0,0.0,0.0,0.0,25864.0,2755023.0,967845.0,1900843.0,1820994.0,1029.0,49.0,523280.0,6223554.0,5002755.0,1220799.0,2021-08-04
150,150,490760938,260416391,230251149,93398,430872848,59350900,5740043,382658786.0,108102152.0,490760938.0,0.0,0.0,0.0,0.0,25936.0,4307827.0,1432216.0,2917135.0,2821386.0,1515.0,103.0,537190.0,3745866.0,2774377.0,971489.0,2021-08-05
151,151,500087070,263310052,233084386,94678,435549916,60386946,4765710,390344882.0,109742188.0,500087070.0,0.0,0.0,0.0,0.0,26021.0,3562994.0,1202716.0,2419186.0,2345308.0,1215.0,92.0,552254.0,5780929.0,4343297.0,1437632.0,2021-08-06
152,152,505787038,266234950,235857946,96188,440351772,61266355,5542456,394599261.0,111187777.0,505787038.0,0.0,0.0,0.0,0.0,26120.0,4129081.0,1413375.0,2847670.0,2693304.0,1476.0,61.0,570957.0,4789880.0,3583325.0,1206555.0,2021-08-07
153,153,507727903,267236380,236796948,96621,442029168,61524134,1599407,395961470.0,111766433.0,507727903.0,0.0,0.0,0.0,0.0,26380.0,1081453.0,517954.0,839079.0,759962.0,363.0,21.0,576647.0,5575120.0,4156191.0,1418929.0,2021-08-08
154,154,513228400,270163622,239518609,98275,446825051,62367416,5404169,400150406.0,113077994.0,513228400.0,0.0,0.0,0.0,0.0,26542.0,4097610.0,1306559.0,2801790.0,2600711.0,1665.0,82.0,588039.0,1608966.0,1089494.0,519472.0,2021-08-09
155,155,517799432,272505421,241746478,99639,450425377,63327040,4113776,403554035.0,114245397.0,517799432.0,0.0,0.0,0.0,0.0,26750.0,3030735.0,1083041.0,2116519.0,1996057.0,1198.0,117.0,599121.0,5432691.0,4122263.0,1310428.0,2021-08-10
156,156,522597399,274956475,244092206,100824,454115373,64424544,4390711,407144711.0,115452688.0,522597399.0,0.0,0.0,0.0,0.0,26837.0,3226709.0,1164002.0,2247819.0,2141707.0,1181.0,95.0,609588.0,4131059.0,3044731.0,1086328.0,2021-08-11
157,157,528564706,278034181,246980047,102584,459177401,65320147,5684168,411840515.0,116724191.0,528564706.0,0.0,0.0,0.0,0.0,26939.0,4469645.0,1214523.0,2939286.0,2743175.0,1706.0,70.0,619264.0,4411564.0,3244424.0,1167140.0,2021-08-12
158,158,535171426,281403434,250215688,104410,464876832,66217063,6327109,417057321.0,118114105.0,535171426.0,0.0,0.0,0.0,0.0,26939.0,4985137.0,1341972.0,3232079.0,3093255.0,1770.0,65.0,629637.0,5715304.0,4496190.0,1219114.0,2021-08-13
159,159,542827915,285317754,253955967,106300,471470878,67264707,7291131,422787994.0,120039921.0,542827915.0,0.0,0.0,0.0,0.0,27018.0,5426315.0,1864816.0,3738356.0,3550951.0,1816.0,105.0,644436.0,6362128.0,5015403.0,1346725.0,2021-08-14
160,160,544873866,286362606,254956577,106789,473274029,67504850,1730068,424316549.0,120557317.0,544873866.0,0.0,0.0,0.0,0.0,0.0,1262274.0,467794.0,895835.0,833795.0,437.0,21.0,647093.0,7334108.0,5463028.0,1871080.0,2021-08-15
161,161,553513142,290794944,259160991,109313,480868315,68540148,8724604,431230042.0,122283100.0,553513142.0,0.0,0.0,0.0,0.0,0.0,6995599.0,1729005.0,4473235.0,4248798.0,2562.0,100.0,656785.0,1738992.0,1269547.0,469445.0,2021-08-16
162,162,559664995,293944533,262161635,110933,486151892,69400511,5465733,435961294.0,123703701.0,559664995.0,0.0,0.0,0.0,0.0,0.0,4145002.0,1320731.0,2815396.0,2648886.0,1450.0,96.0,664698.0,8787440.0,7052063.0,1735377.0,2021-08-17
163,163,565491649,296932420,264998693,112642,491377477,69994590,5576309,440335524.0,125156125.0,565491649.0,0.0,0.0,0.0,0.0,0.0,4171872.0,1404437.0,2866180.0,2708469.0,1658.0,146.0,671688.0,5493352.0,4169112.0,1324240.0,2021-08-18
164,164,571308019,299945603,267800303,114219,496524526,70657886,5429450,444742601.0,126565418.0,571308019.0,0.0,0.0,0.0,0.0,27868.0,4086613.0,1342837.0,2826082.0,2601857.0,1501.0,70.0,677713.0,5615671.0,4205153.0,1410518.0,2021-08-19
165,165,575046083,301933401,269549512,115276,499862209,71052612,3599981,447485400.0,127560683.0,575046083.0,0.0,0.0,0.0,0.0,0.0,2628455.0,971526.0,1923259.0,1675703.0,1016.0,72.0,683368.0,5567310.0,4200032.0,1367278.0,2021-08-20
166,166,580528865,304897239,272067360,116372,504802517,71587667,5188973,451025929.0,129502936.0,580528865.0,0.0,0.0,0.0,0.0,0.0,3351960.0,1837013.0,2805743.0,2382173.0,1055.0,137.0,690787.0,3623231.0,2647560.0,975671.0,2021-08-21
167,167,581612173,305447863,272599844,116572,505790486,71680894,783987,451804528.0,129807645.0,581612173.0,0.0,0.0,0.0,0.0,28024.0,538926.0,245061.0,399622.0,384203.0,161.0,12.0,692899.0,5211947.0,3370718.0,1841229.0,2021-08-22
168,168,588035276,308811456,275657606,118320,511544986,72343111,6334819,456420644.0,131614632.0,588035276.0,0.0,0.0,0.0,0.0,28041.0,4548498.0,1786321.0,3320709.0,3012392.0,1714.0,98.0,699285.0,789863.0,543669.0,246194.0,2021-08-23
169,169,594552135,312219506,278764704,120031,517341557,73056720,6145925,461082717.0,133469418.0,594552135.0,0.0,0.0,0.0,0.0,28235.0,4372778.0,1773147.0,3224543.0,2919734.0,1642.0,71.0,705964.0,6367869.0,4575718.0,1792151.0,2021-08-24
170,170,602861201,316590642,282700364,122301,524953062,73747966,7943197,467131848.0,135729353.0,602861201.0,0.0,0.0,0.0,0.0,28334.0,5761526.0,2181671.0,4189111.0,3751893.0,2191.0,103.0,712279.0,6178814.0,4400077.0,1778737.0,2021-08-25
171,171,611243525,320950379,286720950,124302,532569495,74507098,7862017,473108955.0,138134570.0,611243525.0,0.0,0.0,0.0,0.0,28464.0,5549740.0,2312277.0,4100211.0,3759901.0,1900.0,111.0,719038.0,8010343.0,5819814.0,2190529.0,2021-08-26
172,172,621990719,326428829,291986606,127390,542437051,75380021,10206537,481119173.0,140871546.0,621990719.0,0.0,0.0,0.0,0.0,28464.0,7581592.0,2624945.0,5208064.0,4995485.0,2978.0,130.0,725753.0,7917484.0,5596496.0,2320988.0,2021-08-27
173,173,629830818,330534212,295719516,129196,549280691,76367079,7310743,486212439.0,143618379.0,629830818.0,0.0,0.0,0.0,0.0,28612.0,4653407.0,2657336.0,3845716.0,3463409.0,1616.0,106.0,735154.0,10300994.0,7662630.0,2638364.0,2021-08-28
174,174,633471925,332362179,297531848,130064,552483662,76801592,3083991,488828085.0,144643840.0,633471925.0,0.0,0.0,0.0,0.0,28680.0,2183304.0,900687.0,1560336.0,1522925.0,729.0,22.0,738777.0,7361507.0,4693268.0,2668239.0,2021-08-29
175,175,639491613,335513726,300398197,131796,557851431,77447957,5906109,493232586.0,146259027.0,639491613.0,0.0,0.0,0.0,0.0,28762.0,4326874.0,1579235.0,3095545.0,2808855.0,1706.0,72.0,744331.0,3104145.0,2198752.0,905393.0,2021-08-30
176,176,653068562,342354655,307130622,135391,570351792,78519271,13084344,503535960.0,149532602.0,653068562.0,0.0,0.0,0.0,0.0,28914.0,9899008.0,3185336.0,6603223.0,6477625.0,3490.0,122.0,749605.0,5944158.0,4359394.0,1584764.0,2021-08-31
177,177,662083701,346974542,311523453,137812,578657419,79223967,8031792,510086780.0,151996921.0,662083701.0,0.0,0.0,0.0,0.0,28914.0,5739156.0,2292636.0,4150864.0,3878730.0,2193.0,95.0,754421.0,13245267.0,10035653.0,3209614.0,2021-09-01
178,178,669936232,351000555,315347762,140021,585748590,79980227,7404998,515765132.0,154171100.0,669936232.0,0.0,0.0,0.0,0.0,29060.0,5321822.0,2083176.0,3811118.0,3591767.0,2111.0,119.0,759521.0,8084851.0,5783327.0,2301524.0,2021-09-02
179,179,676312223,354288592,318433880,141857,591282615,80815043,5822846,520201689.0,156110534.0,676312223.0,0.0,0.0,0.0,0.0,29060.0,3995717.0,1827129.0,3020137.0,2800966.0,1740.0,105.0,766671.0,7454926.0,5365151.0,2089775.0,2021-09-03
180,180,683780602,358135186,322053878,143644,597880497,81674930,7091662,524891949.0,158888653.0,683780602.0,0.0,0.0,0.0,0.0,29189.0,4390047.0,2701615.0,3666028.0,3423935.0,1694.0,104.0,777281.0,5864478.0,4032113.0,1832365.0,2021-09-04
181,181,686693339,359636082,323465134,144229,600555747,81907446,2491248,526762481.0,159930858.0,686693339.0,0.0,0.0,0.0,0.0,29255.0,1533685.0,957563.0,1302218.0,1188532.0,497.0,31.0,782252.0,7139009.0,4429853.0,2709156.0,2021-09-05
182,182,698132334,365314744,329221898,147798,610815320,83076576,11202286,535028941.0,163103393.0,698132334.0,0.0,0.0,0.0,0.0,29361.0,8080069.0,3122217.0,5563655.0,5635106.0,3520.0,103.0,792544.0,2512139.0,1551023.0,961116.0,2021-09-06
183,183,706679385,369627593,333453735,150163,618664041,83764073,7773733,540931113.0,165748272.0,706679385.0,0.0,0.0,0.0,0.0,29437.0,5284742.0,2488991.0,3944832.0,3826738.0,2162.0,162.0,803377.0,11302928.0,8164307.0,3138621.0,2021-09-07
184,184,715666177,374220417,337845329,152537,627103615,84302419,8557815,547220895.0,168445282.0,715666177.0,0.0,0.0,0.0,0.0,29500.0,5963458.0,2594357.0,4384700.0,4170805.0,2307.0,108.0,812249.0,7822475.0,5324558.0,2497917.0,2021-09-08
185,185,722954230,378072282,341279649,154405,633947433,84737995,6693636,552246832.0,170707398.0,722954230.0,0.0,0.0,0.0,0.0,29500.0,4580235.0,2113401.0,3562553.0,3129310.0,1768.0,93.0,820908.0,8622613.0,6014940.0,2607673.0,2021-09-09
186,186,729777294,381527720,344645177,156503,640334853,85167250,6470612,556962147.0,172815147.0,729777294.0,0.0,0.0,0.0,0.0,29565.0,4449696.0,2020916.0,3280680.0,3187895.0,2031.0,78.0,827297.0,6736564.0,4615118.0,2121446.0,2021-09-10
187,187,737398347,385449751,348342362,158340,647141580,85970399,7223940,561528219.0,175870128.0,737398347.0,0.0,0.0,0.0,0.0,29738.0,4271628.0,2952312.0,3725377.0,3496835.0,1724.0,112.0,838474.0,6508388.0,4479503.0,2028885.0,2021-09-11
188,188,743036504,388143572,351285503,159535,652236127,86509664,5277991,565270351.0,177766153.0,743036504.0,0.0,0.0,0.0,0.0,0.0,3476499.0,1801492.0,2520511.0,2756351.0,1126.0,22.0,842819.0,7267239.0,4305098.0,2962141.0,2021-09-12
189,189,751423973,392306375,355507806,161898,659831678,87294866,7782798,570932905.0,180491068.0,751423973.0,0.0,0.0,0.0,0.0,29875.0,5199663.0,2583135.0,3883904.0,3896672.0,2215.0,95.0,849535.0,5315547.0,3504735.0,1810812.0,2021-09-13
190,190,758096544,395668605,358816369,163676,665829503,87962979,6069050,575085890.0,183010654.0,758096544.0,0.0,0.0,0.0,0.0,29948.0,3701348.0,2367702.0,3076187.0,2991204.0,1657.0,83.0,856168.0,7837111.0,5243230.0,2593881.0,2021-09-14
191,191,764905524,399126934,362165376,165320,672024464,88571055,6395823,579080644.0,185824880.0,764905524.0,0.0,0.0,0.0,0.0,30025.0,3705468.0,2690355.0,3259638.0,3134624.0,1557.0,101.0,862111.0,6099696.0,3724183.0,2375513.0,2021-09-15
192,192,771657493,402556574,365486126,166899,678270835,89071064,6339917,583073994.0,188583499.0,771657493.0,0.0,0.0,0.0,0.0,30100.0,3702927.0,2636990.0,3226639.0,3111783.0,1492.0,64.0,867700.0,6434660.0,3734262.0,2700398.0,2021-09-16
193,193,798313812,415838319,378854501,173098,702951279,91035552,3348921,598419255.0,199894557.0,798313812.0,0.0,0.0,0.0,0.0,30202.0,1640600.0,1708321.0,1748409.0,1599691.0,820.0,29.0,879087.0,6681131.0,3945631.0,2735500.0,2021-09-17
194,194,803624468,418506837,381495435,174302,707791762,91500624,8485949,601539069.0,202085399.0,803624468.0,0.0,0.0,0.0,0.0,30291.0,4581731.0,3904218.0,4339296.0,4144661.0,1990.0,113.0,884188.0,23018384.0,13561741.0,9456643.0,2021-09-18
195,195,807724879,420513462,383588313,175210,711174873,92214075,3746016,604099687.0,203625192.0,807724879.0,0.0,0.0,0.0,0.0,30319.0,2322202.0,1423814.0,1829053.0,1916128.0,832.0,35.0,888037.0,8525703.0,4609378.0,3916325.0,2021-09-19
196,196,817737078,425416505,388694909,177770,719913351,93482176,9562845,610046357.0,207690721.0,817737078.0,0.0,0.0,0.0,0.0,30404.0,5651943.0,3910902.0,4682585.0,4877775.0,2485.0,173.0,893657.0,3766067.0,2336798.0,1429269.0,2021-09-20
197,197,825814670,429363688,392823201,179887,726820840,94646599,7500615,614923553.0,210891117.0,825814670.0,0.0,0.0,0.0,0.0,30515.0,4501972.0,2998643.0,3668739.0,3829881.0,1991.0,136.0,899337.0,9618566.0,5690398.0,3928168.0,2021-09-21
198,198,833305178,433123677,396551797,181810,733325097,95627868,7088548,619061714.0,214243464.0,833305178.0,0.0,0.0,0.0,0.0,30515.0,3869927.0,3218621.0,3563260.0,3523456.0,1830.0,143.0,904319.0,7539234.0,4531214.0,3008020.0,2021-09-22
199,199,840840734,436868771,400340156,183913,739826345,96657307,7164049,623457511.0,217383223.0,840840734.0,0.0,0.0,0.0,0.0,30730.0,4157900.0,3006149.0,3563221.0,3598813.0,2014.0,160.0,909188.0,7121502.0,3892564.0,3228938.0,2021-09-23
200,200,848268777,440603058,404032031,185794,746279929,97626083,7055013,627745433.0,220523344.0,848268777.0,0.0,0.0,0.0,0.0,30800.0,4037770.0,3017243.0,3548839.0,3504381.0,1790.0,128.0,914871.0,7201893.0,4185395.0,3016498.0,2021-09-24
201,201,855426707,444225855,407565436,187522,752631179,98423166,6790194,631408423.0,224018284.0,855426707.0,0.0,0.0,0.0,0.0,30854.0,3426732.0,3363462.0,3439784.0,3348759.0,1651.0,81.0,924468.0,7086752.0,4060515.0,3026237.0,2021-09-25
202,202,859522783,446208912,409677658,188319,756336670,98809159,3781348,633807681.0,225715102.0,859522783.0,0.0,0.0,0.0,0.0,30894.0,2185714.0,1595634.0,1829116.0,1951505.0,726.0,15.0,929060.0,6824961.0,3451262.0,3373699.0,2021-09-26
203,203,870038383,451372239,415026603,191647,765958812,99695863,10131644,640185193.0,229853190.0,870038383.0,0.0,0.0,0.0,0.0,30978.0,6142957.0,3988687.0,4975869.0,5152512.0,3260.0,128.0,935814.0,3802579.0,2201241.0,1601338.0,2021-09-27
204,204,876035667,454460371,417934038,193364,771239574,100405063,5377236,643464523.0,232571144.0,876035667.0,0.0,0.0,0.0,0.0,31033.0,2889878.0,2487358.0,2782735.0,2592948.0,1552.0,78.0,943136.0,10192675.0,6183661.0,4009014.0,2021-09-28
205,205,882847240,457925540,421278735,195071,777029932,101419806,6493279,647080489.0,235766751.0,882847240.0,0.0,0.0,0.0,0.0,31095.0,3427536.0,3065743.0,3306667.0,3184982.0,1630.0,123.0,949608.0,5399832.0,2904900.0,2494932.0,2021-09-29
206,206,889587688,461358057,424584923,196814,783021938,102161844,6399165,650834927.0,238752761.0,889587688.0,0.0,0.0,0.0,0.0,31173.0,3554347.0,2844818.0,3262242.0,3135237.0,1684.0,116.0,956012.0,6521070.0,3444683.0,3076387.0,2021-09-30
207,207,896805857,464973370,428185718,198875,789359266,103035661,6885214,654910067.0,241895790.0,896805857.0,0.0,0.0,0.0,0.0,31276.0,3870617.0,3014597.0,3448949.0,3434285.0,1977.0,95.0,963036.0,6426879.0,3574963.0,2851916.0,2021-10-01
208,208,904477384,468709770,432119111,200609,795992775,104065625,7298929,658847567.0,245629817.0,904477384.0,0.0,0.0,0.0,0.0,31331.0,3717661.0,3581268.0,3551685.0,3745587.0,1655.0,90.0,971090.0,6915441.0,3891312.0,3024129.0,2021-10-02
209,209,907323779,470108132,433566548,201205,798469309,104430999,2328311,660432639.0,246891140.0,907323779.0,0.0,0.0,0.0,0.0,31360.0,1289577.0,1038734.0,1152450.0,1175373.0,488.0,15.0,975577.0,7352387.0,3748756.0,3603631.0,2021-10-03
210,210,914772873,473748461,437373072,203446,805040962,105302039,7200567,664377459.0,250395414.0,914772873.0,0.0,0.0,0.0,0.0,31360.0,3803878.0,3396689.0,3520105.0,3678276.0,2182.0,110.0,981978.0,2339176.0,1297104.0,1042072.0,2021-10-04
211,211,921144948,476903773,440588279,205002,810698520,106011278,5898966,667859304.0,253285644.0,921144948.0,0.0,0.0,0.0,0.0,31584.0,3198549.0,2700417.0,2926718.0,2970797.0,1449.0,87.0,987256.0,7232319.0,3824975.0,3407344.0,2021-10-05
212,212,925713668,479224956,442834659,206159,814700426,106573658,4260565,670143948.0,255569720.0,925713668.0,0.0,0.0,0.0,0.0,31625.0,2096180.0,2164385.0,2172154.0,2087331.0,1080.0,64.0,991690.0,5928622.0,3219038.0,2709584.0,2021-10-06
213,213,931106816,481988645,445462921,207356,819469099,107193651,4979516,673152624.0,257954192.0,931106816.0,0.0,0.0,0.0,0.0,31701.0,2775917.0,2203599.0,2559842.0,2418572.0,1102.0,84.0,996172.0,4291506.0,2115972.0,2175534.0,2021-10-07
214,214,939256760,486056221,449543088,209557,826624532,108183026,7859937,677439880.0,261816880.0,939256760.0,0.0,0.0,0.0,0.0,31763.0,4112282.0,3747655.0,3923717.0,3934073.0,2144.0,113.0,1001308.0,5003283.0,2791750.0,2211533.0,2021-10-08
215,215,946367868,489627406,453081288,211280,832926734,108983644,6639227,681131427.0,265236441.0,946367868.0,0.0,0.0,0.0,0.0,31763.0,3425169.0,3214058.0,3337371.0,3300258.0,1596.0,83.0,1009596.0,7893161.0,4133314.0,3759847.0,2021-10-09
216,216,951358214,492148163,455549881,212276,837427425,109469696,4624736,683634915.0,267723299.0,951358214.0,0.0,0.0,0.0,0.0,31835.0,2282789.0,2341947.0,2339165.0,2284653.0,917.0,40.0,1013199.0,6672067.0,3446889.0,3225178.0,2021-10-10
217,217,958326606,495652825,459011850,214037,843570837,110290166,6537224,687196647.0,271129959.0,958326606.0,0.0,0.0,0.0,0.0,31867.0,3331434.0,3205790.0,3291260.0,3244287.0,1676.0,81.0,1017709.0,4646990.0,2296735.0,2350255.0,2021-10-11
